skill_name,candidate_count
communication,3623
time management,3529
teamwork,3523
leadership,3505
problem solving,3463
sql,600
software development,588
reporting,565
java,550
analytics,514
debugging,503
organization,493
git,487
excel,485
data analysis,484
troubleshooting,482
coordination,472
dashboards,470
python,470
microservices,467
project planning,466
risk management,457
crm,453
precision,452
issue resolution,448
seo,447
accounting,444
cabling,442
presentation skills,442
persuasion,438
taxation,436
budgeting,436
recruitment,436
crm tools,435
collaboration,434
negotiation,431
discretion,430
bi tools,429
statistics,428
software testing,427
invoice processing,426
confidentiality,426
listening skills,423
patience,421
customer support,421
empathy,420
data cleaning,419
stress management,418
critical thinking,418
ticketing tools,417
general accounting,416
accuracy,414
audits,413
call handling,413
autonomy,412
resilience,411
prospecting,408
rigor,408
data visualization,407
ci cd,407
complaint management,407
network maintenance,406
kpi analysis,403
ticketing,402
creativity,401
digital marketing,401
diplomacy,400
analytical thinking,400
content creation,399
customer follow up,398
network administration,398
labor law,397
financial reporting,396
hr administration,395
attention to detail,394
curiosity,389
process execution,388
api design,385
backend development,375
management,206
design,204
agile,198
oracle,187
scrum,182
writing,164
html,152
css,128
javascript,127
cloud,122
project management,116
linux,113
spring,112
aws,106
node,91
mongodb,73
finance,58
docker,53
react,48
marketing,48
usability,47
